{
  "vu": 200,
  "latency": {
    "p(90)": 2472.1483200000002,
    "p(95)": 2952.373679999998,
    "avg": 669.5951519816439,
    "min": 10.1064,
    "med": 76.8302,
    "max": 5744.9292
  },
  "errorRate": {
    "rate": 0.4305381727158949,
    "passes": 1032,
    "fails": 1365
  }
}