{
  "vu": 200,
  "latency": {
    "avg": 1978.9006157559413,
    "min": 13.53,
    "med": 1966.41355,
    "max": 8261.5448,
    "p(90)": 3258.87942,
    "p(95)": 3983.9422499999996
  },
  "errorRate": {
    "rate": 0.14359225679980397,
    "passes": 1172,
    "fails": 6990
  }
}