{
  "vu": 300,
  "latency": {
    "p(90)": 3250.21576,
    "p(95)": 3729.77304,
    "avg": 1636.3069204712822,
    "min": 12.6129,
    "med": 1477.4297,
    "max": 6485.7606
  },
  "errorRate": {
    "rate": 0.14138438880706922,
    "passes": 288,
    "fails": 1749
  }
}