{
  "vu": 200,
  "latency": {
    "avg": 1015.4606896671461,
    "min": 8.8935,
    "med": 998.0098,
    "max": 4994.2516,
    "p(90)": 1730.8779200000001,
    "p(95)": 1993.4768399999998
  },
  "errorRate": {
    "rate": 0.005115897176782669,
    "passes": 81,
    "fails": 15752
  }
}