{
  "vu": 400,
  "latency": {
    "p(90)": 3753.29586,
    "p(95)": 4260.74442,
    "avg": 2184.037259406897,
    "min": 9.1254,
    "med": 2037.2873,
    "max": 7228.3906
  },
  "errorRate": {
    "rate": 0.19134662129314536,
    "passes": 1968,
    "fails": 8317
  }
}