{
  "options": {
    "summaryTrendStats": [
      "avg",
      "min",
      "med",
      "max",
      "p(90)",
      "p(95)"
    ],
    "summaryTimeUnit": "",
    "noColor": false
  },
  "state": {
    "isStdOutTTY": true,
    "isStdErrTTY": true,
    "testRunDurationMs": 129949.7773
  },
  "metrics": {
    "stage_200vu_latency": {
      "contains": "time",
      "values": {
        "max": 5744.9292,
        "p(90)": 2472.1483200000002,
        "p(95)": 2952.373679999998,
        "avg": 669.5951519816439,
        "min": 10.1064,
        "med": 76.8302
      },
      "type": "trend"
    },
    "http_req_blocked": {
      "type": "trend",
      "contains": "time",
      "values": {
        "avg": 0.07551442090599034,
        "min": 0,
        "med": 0,
        "max": 19.8249,
        "p(90)": 0,
        "p(95)": 0
      }
    },
    "http_req_waiting": {
      "contains": "time",
      "values": {
        "min": 8.3058,
        "med": 333.457,
        "max": 5743.6426,
        "p(90)": 993.1078600000001,
        "p(95)": 1469.1275400000002,
        "avg": 453.97617327664796
      },
      "type": "trend"
    },
    "http_req_receiving": {
      "type": "trend",
      "contains": "time",
      "values": {
        "med": 0.5437,
        "max": 3249.3321,
        "p(90)": 10.070660000000004,
        "p(95)": 30.984760000000037,
        "avg": 9.86365794302735,
        "min": 0
      }
    },
    "error_rate": {
      "type": "rate",
      "contains": "default",
      "values": {
        "rate": 0.050441967717140664,
        "passes": 1050,
        "fails": 19766
      },
      "thresholds": {
        "rate<0.05": {
          "ok": false
        }
      }
    },
    "http_reqs": {
      "type": "counter",
      "contains": "default",
      "values": {
        "count": 20817,
        "rate": 160.19265621319383
      }
    },
    "data_received": {
      "type": "counter",
      "contains": "data",
      "values": {
        "count": 20987859,
        "rate": 161507.4641609255
      }
    },
    "stage_100vu_latency": {
      "values": {
        "max": 4730.8337,
        "p(90)": 779.74658,
        "p(95)": 1251.6379399999998,
        "avg": 437.0904259948959,
        "min": 8.462,
        "med": 340.8044
      },
      "type": "trend",
      "contains": "time"
    },
    "vus_max": {
      "values": {
        "value": 500,
        "min": 500,
        "max": 500
      },
      "type": "gauge",
      "contains": "default"
    },
    "data_sent": {
      "type": "counter",
      "contains": "data",
      "values": {
        "count": 9435020,
        "rate": 72605.12634983947
      }
    },
    "iterations": {
      "values": {
        "count": 20816,
        "rate": 160.18496093259563
      },
      "type": "counter",
      "contains": "default"
    },
    "stage_200vu_error_rate": {
      "values": {
        "passes": 1032,
        "fails": 1365,
        "rate": 0.4305381727158949
      },
      "thresholds": {
        "rate<0.05": {
          "ok": false
        }
      },
      "type": "rate",
      "contains": "default"
    },
    "http_req_duration{expected_response:true}": {
      "type": "trend",
      "contains": "time",
      "values": {
        "avg": 483.0746389450396,
        "min": 12.5681,
        "med": 343.5518,
        "max": 5744.9292,
        "p(90)": 1010.04806,
        "p(95)": 1494.1072700000002
      }
    },
    "http_req_connecting": {
      "contains": "time",
      "values": {
        "avg": 0.07269279435077103,
        "min": 0,
        "med": 0,
        "max": 19.8249,
        "p(90)": 0,
        "p(95)": 0
      },
      "type": "trend"
    },
    "http_req_tls_handshaking": {
      "type": "trend",
      "contains": "time",
      "values": {
        "min": 0,
        "med": 0,
        "max": 0,
        "p(90)": 0,
        "p(95)": 0,
        "avg": 0
      }
    },
    "http_req_failed": {
      "type": "rate",
      "contains": "default",
      "values": {
        "rate": 0.044675025219772305,
        "passes": 930,
        "fails": 19887
      }
    },
    "stage_400vu_error_rate": {
      "type": "rate",
      "contains": "default",
      "values": {
        "rate": 0,
        "passes": 0,
        "fails": 0
      },
      "thresholds": {
        "rate<0.05": {
          "ok": true
        }
      }
    },
    "stage_100vu_error_rate": {
      "contains": "default",
      "values": {
        "rate": 0.0009772517509093871,
        "passes": 18,
        "fails": 18401
      },
      "thresholds": {
        "rate<0.05": {
          "ok": true
        }
      },
      "type": "rate"
    },
    "stage_500vu_error_rate": {
      "thresholds": {
        "rate<0.05": {
          "ok": true
        }
      },
      "type": "rate",
      "contains": "default",
      "values": {
        "rate": 0,
        "passes": 0,
        "fails": 0
      }
    },
    "iteration_duration": {
      "type": "trend",
      "contains": "time",
      "values": {
        "avg": 464.076828636626,
        "min": 8.4621,
        "med": 337.696,
        "max": 5745.176,
        "p(90)": 998.7164,
        "p(95)": 1486.51165
      }
    },
    "http_req_sending": {
      "contains": "time",
      "values": {
        "min": 0,
        "med": 0,
        "max": 2.3792,
        "p(90)": 0,
        "p(95)": 0,
        "avg": 0.009415669885189989
      },
      "type": "trend"
    },
    "latency_ms": {
      "values": {
        "med": 337.48785,
        "max": 5744.9292,
        "p(90)": 998.5424,
        "p(95)": 1485.903225,
        "avg": 463.8637651662176,
        "min": 8.462
      },
      "type": "trend",
      "contains": "time"
    },
    "stage_300vu_error_rate": {
      "type": "rate",
      "contains": "default",
      "values": {
        "rate": 0,
        "passes": 0,
        "fails": 0
      },
      "thresholds": {
        "rate<0.05": {
          "ok": true
        }
      }
    },
    "checks": {
      "type": "rate",
      "contains": "default",
      "values": {
        "rate": 0.9747790161414297,
        "passes": 40582,
        "fails": 1050
      }
    },
    "http_req_duration": {
      "type": "trend",
      "contains": "time",
      "values": {
        "med": 337.4754,
        "max": 5744.9292,
        "p(90)": 998.5280600000002,
        "p(95)": 1485.9025199999999,
        "avg": 463.84924688956073,
        "min": 8.462
      },
      "thresholds": {
        "p(95)<3000": {
          "ok": true
        }
      }
    },
    "vus": {
      "type": "gauge",
      "contains": "default",
      "values": {
        "value": 197,
        "min": 0,
        "max": 197
      }
    }
  },
  "root_group": {
    "checks": [
      {
        "passes": 19886,
        "fails": 930,
        "name": "status 200",
        "path": "::status 200",
        "id": "fad9fa412b86fcb03bee97c80dcd61f1"
      },
      {
        "path": "::latency < 3000ms",
        "id": "d3208a4e8aa4a7e76e28b378bbeb21ce",
        "passes": 20696,
        "fails": 120,
        "name": "latency < 3000ms"
      }
    ],
    "name": "",
    "path": "",
    "id": "d41d8cd98f00b204e9800998ecf8427e",
    "groups": []
  }
}