{
  "vu": 100,
  "latency": {
    "avg": 457.0563624581138,
    "min": 13.4874,
    "med": 345.1903,
    "max": 4493.0597,
    "p(90)": 975.3703,
    "p(95)": 1241.89681
  },
  "errorRate": {
    "rate": 0.0007383427046061226,
    "passes": 13,
    "fails": 17594
  }
}