{
  "vu": 100,
  "latency": {
    "avg": 402.7560677802262,
    "min": 7.4797,
    "med": 286.3904,
    "max": 4238.3995,
    "p(90)": 956.65725,
    "p(95)": 1030.56165
  },
  "errorRate": {
    "rate": 0.0003005108684764099,
    "passes": 6,
    "fails": 19960
  }
}