{
  "vu": 500,
  "latency": {
    "p(95)": 2748.272275,
    "avg": 1000.3222297717737,
    "min": 7.0998,
    "med": 250.83159999999998,
    "max": 6335.1605,
    "p(90)": 2490.07565
  },
  "errorRate": {
    "rate": 0.033093525179856115,
    "passes": 1334,
    "fails": 38976
  }
}