{
  "vu": 400,
  "latency": {
    "avg": 863.2435207222827,
    "min": 6.934,
    "med": 260.3311,
    "max": 7910.6568,
    "p(90)": 2008.9612,
    "p(95)": 2496.1789249999993
  },
  "errorRate": {
    "fails": 36521,
    "rate": 0.026625799573560767,
    "passes": 999
  }
}