{
  "vu": 300,
  "latency": {
    "min": 5.3627,
    "med": 63.597849999999994,
    "max": 8747.4565,
    "p(90)": 1748.8384300000002,
    "p(95)": 2531.22286,
    "avg": 408.5322729521228
  },
  "errorRate": {
    "passes": 50941,
    "fails": 8413,
    "rate": 0.8582572362435557
  }
}