{
  "vu": 300,
  "latency": {
    "min": 8.7317,
    "med": 1492.01835,
    "max": 6004.8078,
    "p(90)": 2530.6937900000003,
    "p(95)": 2999.98567,
    "avg": 1520.9256188318261
  },
  "errorRate": {
    "fails": 15093,
    "rate": 0.05003776435045317,
    "passes": 795
  }
}