{
  "vu": 300,
  "latency": {
    "min": 5.0978,
    "med": 242.11935,
    "max": 9661.3979,
    "p(90)": 1500.91932,
    "p(95)": 1978.197795,
    "avg": 633.4955815309489
  },
  "errorRate": {
    "rate": 0.03317386047000683,
    "passes": 1262,
    "fails": 36780
  }
}