{
  "vu": 100,
  "latency": {
    "max": 5008.3,
    "p(90)": 986.8648,
    "p(95)": 1246.4201,
    "avg": 386.1315893607812,
    "min": 8.4607,
    "med": 241.8182
  },
  "errorRate": {
    "rate": 0.0009138569573373094,
    "passes": 19,
    "fails": 20772
  }
}