{
  "vu": 200,
  "latency": {
    "avg": 397.96258784488384,
    "min": 9.0638,
    "med": 210.1042,
    "max": 4209.3936,
    "p(90)": 1015.3241500000001,
    "p(95)": 1250.43942
  },
  "errorRate": {
    "rate": 0.0001240571655418817,
    "passes": 5,
    "fails": 40299
  }
}