{
  "vu": 400,
  "latency": {
    "p(90)": 131.39064999999997,
    "p(95)": 1483.515249999999,
    "avg": 256.0315454122147,
    "min": 3.9399,
    "med": 66.975,
    "max": 15002.5695
  },
  "errorRate": {
    "passes": 120020,
    "fails": 6904,
    "rate": 0.9456052440830733
  }
}