{
  "vu": 200,
  "latency": {
    "avg": 984.2043821804594,
    "min": 8.8395,
    "med": 983.13495,
    "max": 5251.0866,
    "p(90)": 1739.2049000000002,
    "p(95)": 2002.04375
  },
  "errorRate": {
    "rate": 0.002938295788442703,
    "passes": 48,
    "fails": 16288
  }
}