{
  "vu": 500,
  "latency": {
    "avg": 849.5360995466923,
    "min": 5.3775,
    "med": 137.7371,
    "max": 12597.1923,
    "p(90)": 3533.4163,
    "p(95)": 4734.8399
  },
  "errorRate": {
    "rate": 0.9146985158659519,
    "passes": 44190,
    "fails": 4121
  }
}