{
  "vu": 100,
  "latency": {
    "avg": 88.53316492343434,
    "min": 9.3557,
    "med": 38.8589,
    "max": 2731.1081,
    "p(90)": 230.3016,
    "p(95)": 452.7225400000001
  },
  "errorRate": {
    "rate": 0,
    "passes": 0,
    "fails": 90445
  }
}