{
  "vu": 100,
  "latency": {
    "min": 8.462,
    "med": 340.8044,
    "max": 4730.8337,
    "p(90)": 779.74658,
    "p(95)": 1251.6379399999998,
    "avg": 437.0904259948959
  },
  "errorRate": {
    "rate": 0.0009772517509093871,
    "passes": 18,
    "fails": 18401
  }
}