{
  "vu": 300,
  "latency": {
    "p(90)": 2749.51864,
    "p(95)": 3239.5377799999997,
    "avg": 1596.0461405552958,
    "min": 8.2033,
    "med": 1506.8908,
    "max": 6242.6114
  },
  "errorRate": {
    "fails": 14146,
    "rate": 0.06928087374169353,
    "passes": 1053
  }
}