{
  "vu": 400,
  "latency": {
    "avg": 2258.8136778580765,
    "min": 9.621,
    "med": 2220.3412500000004,
    "max": 7548.9183,
    "p(90)": 3772.5111200000006,
    "p(95)": 4495.190175
  },
  "errorRate": {
    "passes": 2388,
    "fails": 8406,
    "rate": 0.22123401889938854
  }
}