{
  "vu": 500,
  "latency": {
    "avg": 1968.85571906203,
    "min": 19.8524,
    "med": 1762.5228,
    "max": 7738.5768,
    "p(90)": 3748.6863,
    "p(95)": 4444.191539999992
  },
  "errorRate": {
    "fails": 2822,
    "rate": 0.14614220877458398,
    "passes": 483
  }
}